[20345, 45788, 35045, 24852, 21938, 24184, 46720, 16185, 38548, 43713, 35503, 39475, 16097, 38849, 4981, 13535]
[46817, 24002, 4313, 11571, 16797, 37886, 13733, 24852]
[12341]
[44680, 45840, 39041, 1263, 34234, 5210, 31467, 26885, 29315, 14399, 3765, 21267, 20014, 30696, 46041, 41602, 26040, 1090, 35004, 18019, 42475, 23026, 27476, 13755]
[46129, 19660, 23662, 38300]
[19660, 37067, 39928, 7688, 27966, 2086, 39561, 39275, 21137, 5212, 48679, 44882, 11352, 45013, 19057, 38777, 5360, 21288]
[26209, 38435, 36186, 49198, 29487, 33437, 38585]
[2512, 29307, 5876, 28993, 17389, 27196]
[12341, 5258, 42447, 3265, 47788, 30827, 4724, 26317, 21385, 42475, 21903, 31985, 5388, 42500, 32079, 22507, 9434, 13575, 5769, 25938, 40120]
[38922, 25146, 9755, 12555, 26790, 34027, 45309, 42477]
[2748, 13176, 39001, 31717, 42585, 13457, 16759, 10749, 1244, 24964]
[22031, 46505, 3546, 31188, 26907, 7862, 27247, 32198, 35819, 20034, 49585]
[8518, 27966, 44570, 31371, 33120, 42768, 21616, 15937, 34358, 45007, 43014, 424, 16349, 23375, 17794, 44422, 14084, 46676, 46802, 29837, 26604, 13176, 43352]
[38689, 42265, 24184, 31040, 25890, 42736, 27086, 11182, 43352, 40706, 37646, 47766, 32579, 35217, 28785, 47626]
[37509, 36923, 14131, 9021, 22445, 43403, 32268, 6576]
[30039, 24852, 27086, 35193, 4210, 23734, 42518, 22767, 14176, 29867, 34000, 11859, 13733, 12035, 46041, 45835]
[21903, 46667, 5769, 5479, 43086]
[1244, 3896, 40571, 4957, 47900, 10621, 10246, 48679, 43080, 35921]
[1398, 26209, 8953, 24759, 10957, 40910, 32691]
[21903, 26823, 48679, 6873, 24830, 43351, 37774]
[31717, 30122, 71, 40706, 27147, 27360, 42936, 23707, 4006, 9252, 33341, 21593, 17008]
[31778, 325, 17640, 28441, 21936, 10049, 49555, 1460, 16797, 28199, 2350, 24890, 4367]
[13292, 49517, 13535, 28156, 11068, 21938, 19508, 11140, 14575]
[33489, 15372, 22947]
[35628, 44098, 22915, 4792, 17553, 4945, 40174, 26429, 44560, 40571, 36865, 10749, 5194, 14947, 29993, 38750, 13263, 20591, 16797, 33787, 30442, 39561, 41621, 36082, 44938, 38274, 25272, 21709, 22007, 47626, 28993, 29370, 26648]
[10644, 8518, 39558, 48745, 40706, 22395, 48679, 13984, 20114, 24964, 21903, 5646, 19895, 8414, 47766, 21137, 26604, 42828, 8424, 45200]
[33198]
[45190]
[4724, 8953, 33768, 38768, 5068, 15200, 12899, 2535, 21573]
[25132, 37465, 22767, 8638]
[6837, 40377, 38067, 23871, 16325, 31997, 47209, 11520, 7485, 45611, 17037, 19660, 11069, 39570, 7014, 204, 43194, 42265, 37646, 4461, 45970]
[9836, 21614, 38273, 14870, 39024, 8436, 40229, 16797]
[14437, 22025, 27845, 42342, 15649, 29117]
[40002, 11494, 22828, 23763, 30202, 34234, 30422]
[39177, 40871, 20468, 42701, 10897, 7837, 36266, 42830, 43319, 29529, 46749]
[30633, 31759, 19348, 30764]
[47616, 13176, 3631, 14778, 19678, 45007, 47209, 7559, 31342, 38288, 5876, 26940, 12036, 14084, 24964, 41570, 39430, 49212, 21903, 26096, 33342, 41483, 39374, 11755, 9327, 18159, 22825, 39877, 35998, 49390, 23639]
[46372, 34050, 33198, 28476, 36082, 31441, 41398]
[49191, 49324, 27963, 38739, 47626, 39993, 44142, 27885, 32467, 27429, 7644, 3192, 15664, 46875, 37142, 12232, 5011, 31793, 20022]
[30192, 13176, 36865, 8277, 28745, 34262, 42450, 39938, 26278, 5491, 49044, 28465, 7916, 35871, 23139, 32691, 28571, 17807, 13646, 16535, 45200, 40604, 25931, 9839]
[47209, 13176, 33636, 8518, 35547, 49235, 7088, 19820, 2086, 14233, 9825, 24561, 28985, 30391, 18272, 26369, 18918, 26282, 18441, 8929, 41757, 48642, 21137, 39928, 10108, 3269, 10360]
[38573, 8021, 22353]
[35421, 44375, 28987, 31564, 10902, 19488, 8481, 40219, 25893, 11182, 45566, 25985, 7783, 30597, 36772, 8519, 46656, 34368, 6689, 36468, 19619, 21137, 14753]
[4149, 5258, 29223, 6184, 33768, 21903, 43637]
[27231, 9366, 27086, 4799, 2086, 27509, 18337, 4781, 21198, 15842, 47209, 36550, 3397, 12442, 31343, 26126, 41950, 19678, 48205]
[36326, 1783, 35176, 7761, 33232, 32277, 33351, 19155, 49235, 49326, 6347]
[49235, 36238, 33052, 6889, 17316, 47672, 21137, 13176]
[14992]
[14462, 8518, 14197, 8670, 21295, 24964, 38274, 21137, 5450, 33731, 10749, 25890, 39121, 29898]
[24838, 17794, 23339, 47672, 47388, 41716, 27521]
[46676, 9550, 5450, 11710, 15294, 19250, 41149, 43961, 36070, 39877, 22031, 39762, 2269, 39363]
[6901, 7131, 38928]
[24964, 12944, 39216, 5479, 44422]
[24852, 44643, 3142, 43961, 37220]
[5782, 22882, 21553, 27471, 29553, 28132, 27730, 12519, 3717, 10343, 35469, 24852, 47145, 25484, 36274, 12011, 41950, 12212, 3098, 43183]
[13339, 12211, 48679, 31242, 30169, 24852, 22491, 22825, 25407, 35108, 28849, 31315, 10173, 18880, 17835]
[15100, 43772, 1458, 42736]
[36441, 32589]
[45007, 11520, 30657, 30820, 1105, 21389, 38226, 31075, 25230, 5516, 30923]
[45066, 14947, 22276, 35108, 30489, 18594, 18441, 32299, 22312, 23744, 10369, 30169]
[695, 13743]
[18963, 47900]
[25017, 5161, 35886, 35263]
[14477, 4920, 11759, 17122, 13176, 29518]
[196]
[14168, 45290, 30057, 24908, 35372, 5782, 39620, 12916, 16696, 25623, 3459, 3512]
[43631, 30057, 38797, 2512, 38266, 23484, 40706, 46522, 24571, 13083, 44085]
[45066, 19348, 1099, 21288]
[19076, 37509, 35906, 19348, 11983, 36411, 7881, 48092, 2416, 44142, 4306, 26604, 9076, 12817, 3060, 44273, 19417, 42736, 46962, 16874]
[46572, 3298, 516, 8390, 17505, 4306, 40571, 32573, 12191, 1872, 12304, 5258, 42972, 30960, 47877, 3267, 2115, 2536, 27663, 39560]
[41290]
[44201]
[30391, 28849, 11182, 41220, 47209, 25647, 26369, 31343, 28289, 43961, 44663, 12075, 13176, 5876, 8174, 39877, 10749, 43768, 46616, 13263, 36772, 31040, 32139, 37646, 27104, 28785, 8424]
[38768, 23662, 43720]
[5450, 44910, 28849, 1942, 18963]
[15130, 47209, 3434, 39057, 22206, 13203]
[22825, 30391, 16965, 13176, 19057, 24838, 27044, 17795, 38647, 34991, 40604, 13870, 23886, 49131, 5456, 93, 32792, 12440, 47630, 21137]
[13176, 12341, 14715, 46061, 196, 38928, 15680, 34829]
[14540, 43320]
[28682, 34050, 44754, 31921, 35430]
[18765, 22142, 16864, 19154, 35108, 18531, 16521, 2763, 18601, 34466, 48622, 40556, 24852, 21810, 4210, 8174, 14575]
[34126, 24964, 17804, 16609, 47626, 972, 24852, 8277, 15592, 36695, 9137, 8436, 2309]
[40742, 13176, 10326]
[21024, 2927, 49677, 7751, 8699, 29230, 33054, 10371]
[16589, 5077, 25199, 31035, 12320]
[39491, 44042, 31525, 32784, 19389, 43692, 39061, 27163, 44761, 11258, 16376, 9360]
[11759, 35561, 20940, 39108, 37710, 46562, 18348, 23016, 21573]
[27801, 19478, 46501, 9533, 24097, 432, 8424, 2855, 21137, 36393, 35458, 48205, 24852, 45066, 10437, 16349, 19468, 17600, 40285, 5206, 39035, 1335]
[27104, 21174, 41860, 38273, 47209, 5876, 29217, 9047, 4549, 22425, 11776]
[35617, 42013, 23288, 28836, 1639, 16759, 8193, 19003, 1396, 24097, 10255, 7877]
[45683, 31846]
[13176, 46061, 49610, 16797, 33785, 20955]
[47209]
[36735, 28373, 43394, 24852, 11520, 27521, 44471, 20794]
[36758, 39275, 24852, 38544, 17949, 1360, 37718]
[13176, 4920, 22935, 27966, 39984]
[31759, 19660, 5258]
[21903, 13565, 40120, 4605, 32299, 41858, 21019, 45007, 14992, 21616, 42342, 33214, 40706, 32579, 34969, 7175]
[31860, 35269, 9285, 35652]
[18352, 5750, 7860, 27323, 47475, 1148, 20190, 11520, 47144, 18362, 32465, 11182, 6719, 1197, 24852, 47141, 31654, 33756, 15663, 19619, 15925, 18019]
[38887, 12957, 12617, 20074, 14999, 28990, 34278, 39408, 16937, 12260, 1117, 5098, 29334, 42625, 46979, 24750, 14727, 5825, 38419, 16759, 33884, 15872]
[44310, 41658, 40723, 22825, 47759, 37288, 1511, 48137, 43776, 35628, 46979, 4562, 2295, 10749, 39430, 33438, 17461, 29487, 40706, 12206, 25705, 39732, 24799, 36865, 8309, 11448, 13263, 40001]
[31990, 6227]
[6873, 14835, 48048, 49398, 48186]
[28849, 34969, 11520, 35629, 32864, 38322, 44632, 21709, 49191]
[11140, 30391, 47766, 34969, 21137, 27966, 432, 13176, 43961, 3661, 47626, 5546, 45066, 16349, 19057, 42356, 26940, 31338, 19678, 6193, 1408, 15290, 40396, 10749, 2295]
[11900, 14316, 6300, 37935, 38433, 27196, 14850, 11865, 44545, 36260, 20171, 46380, 25544, 18358, 2974, 37158, 44863, 48370, 29116, 10637, 21187, 39698, 40600, 39891, 12901, 7781, 29373, 19348, 21333, 41602, 19468, 27212, 6340, 38444, 347]
[12703, 47099, 35383, 36550, 47672, 8758, 42244, 26209, 9076, 47626, 28842, 39899, 18411, 34126, 2078, 15975]
[41544, 2314, 45224, 32016, 6985, 21903, 5785]
[24184, 15290, 11140, 22594, 12312, 24852, 29071]
[18359, 43631, 29503, 32235, 19348, 23909, 45531, 27020, 48624, 5884, 4377]
[196, 13176, 39408, 6184, 45920]
[1495, 26209, 45066, 43545, 18867, 47630, 43352, 20061, 23986, 16797, 27845, 48489, 44632, 1940, 48110, 13012, 14739, 12741, 5564, 21946, 10129, 17721, 4410, 19204]
[37374, 33815, 4658, 40146, 14688]
[31717, 35914, 18987, 15576, 21781, 41354, 17858, 11375, 35221, 21709, 49496, 19734, 9708, 42936, 12481, 9076, 28993, 17795, 10193, 3873, 38940]
[20114, 31130, 33290, 18242, 43165, 30233, 36011, 29460, 42768, 10798, 8203, 37107, 4605]
[44009, 36239, 46050, 37055, 24852, 27148, 17122, 28384]
[40332, 46347, 32237]
[43014, 12395, 21675, 37022, 38288, 16409, 24937, 1468, 16887]
[27845, 27086, 14386, 162, 17949, 38557, 40723, 41787, 44632]
[33671, 48779, 29223, 47788, 19086, 14897]
[30391, 26209]
[40388, 21137, 39628, 23734, 12341, 10176, 18465, 24489, 17948, 46802, 1158, 27966, 26604, 6104, 14650, 48595, 24184, 21938, 47626]
[32911, 6287, 12885]
[27741, 32827, 18362, 27676, 35042, 40239, 16953, 44683, 4137]
[31506, 35217, 2855, 24852, 24964, 46979, 15937, 7456, 23466, 16321, 46616, 44622]
[28985, 47626, 28849, 5618, 17794, 9020, 24964, 22935, 41135, 44359, 49683, 30720, 15516, 5373]
[29798]
[15541, 24852, 34234, 48364, 790, 22849]
[33827, 40174, 19604, 44267, 16797, 37294, 47570, 32303, 17559, 35752, 49515, 30960, 17650, 13423, 5210, 41290, 1485, 16953, 19643, 43115, 13944]
[30450, 39825, 9076]
[47144, 14650]
[5794, 32109, 23405, 45006, 43175, 2957, 20282, 40354]
[12456, 47209, 27521, 26604, 33731, 45948, 12419, 18811]
[651, 26405]
[18926, 24954, 46513, 27966, 27435, 22367, 27246, 16797, 28157, 49598, 44666]
[47823, 23799, 18027, 2528, 33000, 25630, 41742]
[30353, 28342, 41682, 22556, 12576, 39947, 41842]
[46969, 26165, 5194, 25466, 5876, 22935, 26317, 44479, 20632, 43086, 40604, 5933, 16262, 37646, 24852, 26736, 20670, 21417, 22312, 12614, 40571, 33754, 26604, 48595]
[30391, 27012, 33401, 43961, 5450, 8736]
[35951, 25659, 23233, 27521, 41220, 10667, 41177, 46979]
[5228, 6638, 34044, 21938, 30795, 25435]
[30489]
[28156, 21288, 16797, 46654, 21573, 35234, 4174, 12962, 4591, 47626, 32639, 46667, 5025, 24009, 5735, 29334, 34126, 20383, 40706, 2838]
[13203, 3434, 12316, 30756, 24852, 30183, 25804]
[49621, 41787, 45356, 16712, 10826, 44201, 7893, 19054, 41990]
[43192, 24184, 25466, 48162, 2480, 24964, 23737, 13829, 22141, 5876, 46969, 46667, 34969, 49683, 4605, 46979, 28985, 43768, 18234, 28842, 5025, 34126, 42585, 11288, 29824]
[24221, 21137]
[25886, 49111, 35168, 17872, 1158, 46802, 21137, 39275, 26604, 4920, 43122, 28465, 5450, 18234, 25005, 21938]
[17679, 10246, 21903, 26800, 21137, 20107, 46505, 15755, 42768, 45007, 6789, 18963, 44752, 5818, 31818, 20589]
[19660, 43352, 30827, 36557, 13176]
[5450, 5876, 11520, 49683, 37065, 41007, 46667, 4614, 29307, 36685, 29311, 4862, 43789, 46665, 18963, 19057, 39928]
[1398, 41581, 12341, 43371, 19398]
[25005, 30707, 28720, 35108, 37646, 40723, 22825, 48679, 18176, 31955, 35734, 1979, 4942, 2716, 41806, 21903, 39475, 38739, 45200, 10655, 8670, 40363, 1999, 4605, 47626, 26209, 2450, 3469, 27695, 48287, 13176]
[33787, 18926, 3583, 41007, 43352, 47209, 22959, 22124, 30117, 19006, 37382, 40545, 46802, 34584, 17948, 24489, 35724, 644, 24985, 11123, 31231, 15455]
[27790, 6518]
[13176, 35458, 13203, 14726, 24235, 31564, 46654, 43986, 33198, 18803]
[34050, 19125, 16965, 40203, 48747, 4125, 2311]
[44632, 26620, 21709, 31964, 14947, 20119, 40411, 10312]
[21137, 39275, 27521, 27966, 47766, 40706, 9550, 432, 24852, 47626, 21903, 20316, 33120, 30169, 26209, 15937, 48775, 26576, 38777, 14814, 16168, 10504, 5818, 38266, 24964, 25466, 42828]
[45866, 812, 41844, 31596, 1215, 28986, 21616, 43961, 5826, 14702, 40386, 13517, 7632]
[2552, 26701, 39450, 43821, 47783, 17758, 11512, 46886, 5785, 19173, 13517, 24852, 22935, 39408, 11777, 33198, 33810]
[19660, 45774, 11961, 34224, 11046, 30678, 30122]
[30446, 9996, 2966, 15860, 28993, 44368, 44142, 48705, 47626]
[4210, 24852, 43662, 32029, 5959, 28985, 30776, 365, 691, 7503, 17429]
[48356]
[27966, 18465, 28204, 29603, 37508, 31683, 34991, 36640, 33647, 16965, 38274, 23909]
[2504, 14702, 36651, 38452, 13176, 9839, 30233, 29447, 31433, 47209, 27874, 18362, 1203, 10246, 34126, 43545, 46166, 32652, 49273, 24631, 13807, 5699, 27737, 9779, 47223, 18827, 31506, 1999, 14021, 5697]
[4326, 16091, 11461, 28384, 30169, 6858, 1357]
[27086, 33120, 18465, 47209, 46627, 20082, 12384, 9808, 38666, 44632, 21709, 11707, 31373, 36205, 23375]
[25466, 5876, 46979, 39275, 25705, 48775, 30391, 31772]
[45504, 4809, 41806, 14651, 44787, 5134, 43037]
[29487, 5097, 8536, 44142, 34407, 11827]
[49520, 39275, 22053, 16020, 17166, 30151, 10864]
[11109, 37620, 28380, 38205, 17794, 47766, 13563, 35629, 17038, 5547, 40291, 22141, 36554, 25340, 19893, 23634, 1216, 13045, 49478, 21227, 17584, 46616, 21009, 23192, 7088, 5194, 44396]
[47626, 46667, 25659, 27336, 44632, 16185, 17044, 24964, 21903]
[33198, 47873, 25472, 7681, 37935, 26010, 11314, 47223]
[27945, 34969, 39032, 49131, 49381, 44683, 30352, 26634, 30201, 27966, 26604, 31003]
[28993, 41950, 19816, 32691, 27288, 5785, 46485, 16797]
[11520, 43768, 11132, 48946, 47626, 8174, 27903, 40706, 20711, 44683, 45066, 22825, 9598, 33568, 41917, 27548, 39928, 25767, 3829, 15872, 48066, 47136, 29598, 22950, 31343, 17757, 10749, 16759, 16249, 8518, 16349, 15290, 32864, 1408, 9955, 20319]
[3473, 13176, 24799, 42887, 44142, 22959]
[5115, 21903, 24838, 24852, 25804, 33572, 27966, 21137, 24489, 9390, 16902, 18689, 42479, 5450, 18078, 24664, 13922, 12872, 1879, 12896, 9424, 24841, 47521, 35682, 15610, 38704]
[27344, 30192, 45045, 16797, 45066, 6541, 14491, 23060, 22969, 9881, 22210, 23029, 5491, 29142, 37067, 11068, 49044, 37464, 11176, 36651, 39990, 30391, 45007]
[16797, 24852, 16192, 4101, 8176, 47877, 17615, 10673, 15290, 26209, 47626, 8390, 9076, 11, 37917, 20706, 4605, 42240, 19488, 2102, 28476, 36431, 45465, 7628, 14399, 7898, 35045, 9515]
[27086, 32839, 25949, 48577, 17579, 23044, 37388, 42768, 10476, 20114, 5818, 31343, 48628, 4210, 39337, 2488, 41079, 24852]
[20114, 28842, 3784]
[45200, 9623, 17794, 27521, 34243, 7058, 47734, 40279, 31506]
[27845, 16083, 13176, 18434, 27292, 27966]
[22835, 25885, 24596, 40706, 22849, 10246, 8274, 27020, 13176, 25272, 28204, 39408, 43279, 264, 39863, 15568, 16185, 9544, 1429, 18362, 263, 39083, 41973, 39853, 44940, 45622, 27307, 19836, 24685, 13115, 46024, 14553, 43263, 16464]
[1463, 44624, 34270, 36036, 12440, 26047, 39928, 14467, 116, 18838, 10, 6663, 48593, 19006, 48196]
[22620, 9106, 43942, 16920, 1398, 26839, 29095, 990, 44925, 7751, 6177, 27796, 26250, 8612, 18269, 22142, 35181, 8936, 45372]
[39475, 20734, 2966, 44120, 4461]
[36865, 13500, 23233, 28745, 44053, 9595, 45374, 18288, 25824, 16797, 34969]
[13176, 39275, 1940, 43352, 21903, 20940, 21137, 33147, 35951]
[48854, 40877, 852, 1069, 40198, 20116, 27217, 29735, 14649, 31467, 46522, 17183, 40310, 37449, 9387, 16953, 15386, 25637, 16221, 46593]
[27086, 30695, 12456, 30233, 47209, 36036, 6873, 22238, 13176, 20583, 10424, 5785, 29732]
[46886, 40763, 11512, 40198, 33731, 18370, 22035, 31343, 14992, 49201, 5922, 20512, 27845]
[35503, 30884, 46206, 3824, 12467, 30967, 13249, 39411, 25504, 30776, 34590, 33731, 39275]
[13388, 35537, 41406, 14104, 45832, 43154, 38578, 13018]
[41844, 365, 35619, 40021, 35163, 45007, 36929, 11408, 35512, 30391]
[43295, 24838, 546, 5077, 21344, 11461, 12894, 14852, 30623, 17600, 45007]
[26196, 27966, 21137, 30442, 38689, 25852, 30233, 21267, 14947, 19478, 41950, 26369, 37646, 8277, 7500, 14209, 33125, 29898]
[25659, 41570, 11408, 35383, 37524, 43789, 7835, 12206, 8638, 47866, 29311]
[13176, 33782, 17731, 41543, 20947, 26105, 12412, 21436, 19611, 38890, 48110, 32285, 39250, 16398, 8733, 9034]
[25718, 47766, 24852, 36929, 46787, 47626, 4920, 21137, 32655, 34128]
[1458, 34013, 3873, 1449, 17600, 15472, 16066, 32712]
[39275, 16668, 24852, 42450, 2983, 2469]
[24852, 27959, 43086, 47626, 43295, 16995, 40723, 21174, 23288, 37538, 46206, 48364, 8174, 32177, 24964, 2086, 11408, 33810]
[8424, 30353]
[45066, 42265, 47766, 24852, 18027, 21903, 24489, 39275, 30855, 41665, 9839, 18200, 8022, 10132, 26800, 27966, 13838, 40396, 22888, 39430]
[4920, 19893, 24852, 33000, 28934, 31506, 49013, 6721, 18954, 9755, 42193, 30604, 7931]
[35921, 14780, 42342, 46941, 10032, 42936, 49030, 25952, 27356, 14947, 11678, 43768, 9741, 47681, 5713, 44359]
[16759, 15419, 5618, 44359, 3843, 43961, 5876]
[20919, 27012, 12332, 9327, 48437, 36736, 40574, 28, 4137, 40772, 38185, 31055, 18643, 14252]
[5876, 45066, 40156, 13984, 30489, 24964, 43961, 34134, 46979, 36036]
[13176, 48559, 20794, 17333, 11494, 30391, 42741, 16136]
[8518, 7456, 24184, 15290, 40604, 5450, 28849, 18531, 25087, 31040]
[45638, 26209, 26606, 44422, 15604, 14084, 228, 4605, 42617, 45535, 7863, 31717, 38739]
[7132, 37675, 7331]
[21137, 16617, 46906, 16589, 6489, 24654, 15576, 35824, 5578, 21174, 37029, 44834]
[35682, 47866]
[11194, 16207]
[33555, 5077, 39921, 12916, 16965, 2361, 21463, 11494, 6081, 20345, 19007, 8758, 432, 13176, 6567, 25346, 37825, 36316, 4799, 45646, 47866]
[24852, 38371, 18523, 49605, 16489, 40574, 24291]
[4920]
[11422, 6182, 45603, 34069, 42557, 18670, 14652, 11520, 14462, 21344, 14084, 18200, 8277, 48679, 21903, 31221, 23765, 48417, 21137, 13176, 29987, 9480, 9339, 6841]
[16759, 10070, 32655, 15981, 22935, 1103, 3952, 38293, 38694, 41950]
[35085, 17791, 46370, 14858, 9554, 34430, 19006, 21019, 21072]
[7781, 8518, 48110, 8239, 38593, 1244, 43768, 21938, 22935, 41950, 20114, 27156, 23734, 48744, 1999, 2086, 14462]
[8193, 29487, 3689, 14197, 44632, 11494, 17592]
[43154, 46149, 196, 45051, 1729, 43352, 38928, 22362, 10326]
[46485, 1940, 9972, 49072, 35921, 32463]
[1463, 46979, 45535, 2593, 14678, 20995, 31342, 17568]
[41387, 21653, 18229, 35948]
[27985, 30695, 2717, 37033, 23216, 4799, 6193]
[13176, 5646, 11286, 18362, 17915, 19678, 9839, 15016, 22963, 21903]
[9741, 37552, 9515, 6624, 27683, 2452, 43749, 22508, 27086, 13488, 47626, 43712, 43129, 19876, 13819, 34430, 14633]
[12606, 8859, 46654, 36735, 26604, 1516, 23236, 46847, 46802, 27966, 4149, 49478]
[41339, 26209, 24852, 44970, 32864, 24759]
[12341, 45066, 13176, 2983, 40198, 31404, 23375, 29454, 26354, 29987, 14084, 42265, 5475, 41950, 20995, 2452, 45850, 32904, 44422, 33757, 19678, 48679]
[21288, 43352, 13176, 6184, 39275, 14161, 31846, 23375, 10473, 23423]
[31422]
[17545, 2512, 49030, 47226, 8536, 7600, 33291, 29553, 23734, 28842, 43509]
[47626, 46979, 10246, 27796, 14999, 22935, 34126]
[13198]
[7952, 48230, 36944, 13535, 47209, 41950, 31343]
[38488]
[49606, 21435, 48051, 15847]
[37067, 47209, 32655, 45007, 14739, 29662, 43961, 40545, 21137, 20127, 12202, 11182, 15016, 36418, 46802, 27034, 33790, 12770, 5697, 31717, 38159, 35750, 38938, 10246, 30489, 5479, 23049, 25506, 18288]
[17957, 35053]
[24852, 4493, 26738, 19125, 33787, 31789, 12817, 15477, 33754, 25114, 23901, 38948, 5449, 39285]
[31553, 18159, 7490, 44632, 25305, 1194]
[38256, 39322, 9421, 30776, 2692, 21376]
[24852, 39275, 45066]
[29837, 38557, 41556, 14779, 30668, 27799, 10566, 8075, 14858, 6550, 12035, 37053, 44142, 48364, 47740, 41874, 43086, 24184, 2295, 41808]
[13176, 35914, 2716, 13351, 29599, 33787, 33370, 459, 17938, 17872, 24489, 25300, 39126, 18811, 10814, 48395, 47209, 38739, 4799, 33731, 6489, 3634, 24841]
[13129, 48927, 48246, 27413, 17795, 39620, 23645]
[1181, 26497, 4605, 47788, 24852, 39891, 37681, 32019, 43770, 44799, 8195, 37817, 23909, 9262, 31725, 12924, 26604, 36005, 49051, 14875, 941, 41765, 2012, 49144, 31642, 8744, 27448, 16608, 937, 45032, 17096, 17986, 20502, 32440, 24629, 14379]
[9076, 21137, 35470, 36412, 12987, 34358, 5450, 17807, 17461, 46667, 44580, 15442, 19678, 27104, 31727, 18880, 8955]
[1124, 1463, 46654, 48364, 47145]
[24852, 28204, 40289, 47766, 5134, 41271, 22416, 22993, 45364, 35147, 16521, 21376, 32293, 47573, 18565, 22849]
[29418, 27156, 42768, 43929, 22825, 13176, 4920]
[22802]
[9213, 21903, 21292, 16797, 16283, 8048, 907, 17313, 12078, 38768, 5068, 42265, 45051, 16953, 19828, 35395]
[44325, 7835, 34407, 15424, 21261, 15623, 25986, 46572, 23734, 43881, 21484]
[23282, 39180, 31766, 47209, 30028, 24841, 7131, 16525, 40706, 38689, 21137, 39275, 5684, 3397, 13535, 44310]
[2962, 24852, 30391, 21137, 43961, 39877, 41220, 26369, 31847, 18441, 48628]
[20119, 37067, 11712, 35383, 37646, 27086, 33754, 18531, 35108, 8021, 24830, 23554, 1695, 33787, 21903, 17427, 9515, 1090, 21376, 30489, 48595, 18594, 28928, 7751, 38557, 3952]
[44753, 27625, 42075, 16290, 15327, 34243, 16759, 30391, 28985, 21616, 23339, 27086, 32747]
[21267, 22959, 31371, 34969, 43352, 8518, 25890, 42244, 10442, 3469, 21405, 21616, 7485, 41844, 40031, 10017, 44056, 49383, 45364]
[32982, 27086, 5876, 27292]
[33725, 24035, 34137, 39448, 26683]
[14947, 3873, 13166, 40604, 41593, 47672, 42701, 44008, 13176, 26307, 32839, 9534, 18362, 17419, 32927, 42768, 21903, 10246]
[21616, 40706, 43961, 26604, 260, 39475, 47626, 30391, 19051, 48679, 45066, 38988, 25513, 33636, 18382, 21513, 1364, 24390]
[45918, 21137, 23554, 36830, 5450, 26521]
[24852, 23909, 45066, 47630, 21137, 5991, 46979, 48679, 10243]
[15206, 13176, 19068, 49481, 9327, 23541, 1142, 33745, 46676, 19156, 30315]
[3007, 45007, 34214, 8022, 32864, 38293, 14491, 37524, 21903, 35921, 3266, 4605, 46505, 40604, 41170, 7054, 28985, 14129, 23165, 49383, 9339, 25133]
[44177, 23734, 28842, 15290, 40009, 20919, 29553, 14147, 45194, 14161, 38775, 5025, 14177, 13733, 10321, 39953, 34751, 44264, 39620, 43263, 853, 6166, 39041, 12805, 6784, 39142, 30340, 23537, 8725, 9076, 30121, 25108, 16221, 13255, 45857, 15954, 37358, 21827]
[12456, 8174, 11945, 1443, 40310, 36685, 37646, 22211, 42205, 5785, 19677, 38563, 47029, 43713, 28309, 5132, 8413, 13709]
[5535, 24852, 38200, 21936, 21927, 11576, 39780, 42450, 45698, 22206, 34605, 29694, 31717, 34358, 22000, 47475, 48205, 22067]
[18465, 21137, 27521, 47209, 11576, 38383, 19348, 3464, 28985, 47008, 46667, 16726, 2825, 30776, 8490, 26620]
[36011, 26634]
[4920, 40706, 30391, 21137, 44661, 6104, 47209, 39619, 47500, 41950, 19660, 17948, 27966, 1076, 39430, 5652, 9366]
[16864, 39180, 25487, 38118, 4562]
[20113, 38277, 32030, 8022, 49075, 48326, 40229, 37220, 17948, 29092, 35469, 32139, 29487, 24518, 8412]
[36287, 27104, 43295, 24852]
[16797, 15937, 44142, 15290, 48527, 14897, 47626, 26209, 20161, 30169, 25492, 24831, 35234, 25836, 18079, 33735, 42404, 28054, 49605, 31486, 5221, 30450, 6166, 40332]
[35193, 24852, 4942, 12817, 45007, 32303, 14536, 47284, 15359, 42073, 38488, 47626, 27903, 28913, 28842, 3880]
[13032, 48697, 31506]
[45066, 15221, 24852, 47553, 20980, 25340, 12058, 22640, 19057, 1970]
[37066, 22782, 27395, 33819, 12099, 38400, 35400, 25952, 12920, 21698, 42404]
[2825, 23680, 22721, 31635, 14853, 35646, 401, 29700, 21195, 13143, 6210, 19125, 17150]
[29941, 38159, 25852, 33198, 42445, 7088, 2905, 12601, 10926]
[27330, 41550, 29487, 44142, 43154, 18523, 19389]
[26384, 46473, 26280, 15359, 14147, 22890, 23405, 27243, 16797, 25930, 45066, 44683, 47626, 24852, 8174, 28535, 24062, 38739, 25393, 36070, 17872, 9076, 21288, 10473]
[31717, 26209, 21903, 41658, 38772, 47766, 29987, 25890]
[13176]
[16868, 19816, 24020, 35855, 46650]
[14540, 41950, 28985, 19612, 31555, 35140, 22993, 19862, 40723, 5161, 19660]
[30827, 8048, 5258]
[329, 4472, 34448, 18656, 48455, 44987, 44372, 37966, 13076, 21137, 41970, 3539, 8638]
[13380, 9755, 13879, 21372, 5876, 26351, 38739, 15528]
[21709, 11520, 39450, 2552, 22935, 13819, 22993, 35108, 40706, 22733, 47573, 30294]
[48049, 2130, 30365, 36675, 42710, 23499, 44932]
[24852, 16874, 4005]
[35360, 49074, 43651, 2240, 1888, 14381]
[5785, 19677, 27086, 24852, 12784, 6740]
[24852, 30756]
[27845, 5134, 15995, 44683, 5212, 13409]
[11140, 31433, 18202, 39837, 24518, 35072, 21137, 19816, 11941, 781, 43961, 5131, 42300, 19240, 13176, 1402, 16241, 47209, 21267, 20738, 40171, 19702, 37506, 44359, 22935, 23472]
[43234, 31215, 36651, 26940, 1463, 10749, 26209, 47209, 8555]
[27344, 32570, 45549, 37552, 13740, 13176, 20114, 34969, 1930, 8518, 27392, 44375, 27548, 14036, 14381, 11182, 26679, 39108]
[24852, 49520, 18534, 35591, 38286, 176, 34789, 21601, 7131, 20955, 37849, 3880, 35234, 5970, 6201, 41367, 17807, 42980, 12087, 8707, 25084, 42508, 39527, 22610, 45646, 22699, 2064, 45388, 49588, 3856]
[3397, 40706, 34358, 5818, 43933, 5450, 8193, 28849, 3376, 8518, 20114, 46654, 25890, 24184, 3627]
[16234, 38558, 25772, 39277, 31136, 31066, 5818, 30233]
[34005, 10070, 4920, 47114, 18990, 43262, 6647, 41245]
[12341, 21903, 17693, 3798, 5351]
[47050, 16768, 41220, 34329, 24928, 6606, 6423, 40063]
[46979, 42803, 24852, 40706, 35004, 11710, 21162, 12206, 39275, 2429, 30391, 30489, 4920, 42265, 12732, 29487]
[11520, 9421, 23148, 29487, 47626, 47258, 11250, 9224, 24079, 4274, 6593, 27999, 18288, 21894, 43789]
[2314, 7478, 31553, 35217, 45582, 40174, 24009]
[27683, 4605, 25152, 5825, 26889, 26209, 38739, 44683, 42585, 49383, 49683, 18234, 25670, 42719, 30169, 20730, 24852, 11520, 49235, 46667, 35042, 14183, 31233, 6074, 27783]
[35505, 18883, 45763, 47740, 14812, 8903, 31737]
[9020, 22825, 41593]
[11631, 29698, 4210, 32569, 31683, 8567, 49120, 37068, 19061, 34949, 24184, 15290, 16797, 37067]
[9558, 22395, 46875, 24954, 22367, 27196]
[9292, 2519, 47209, 36459, 22695]
[196, 8859, 14159, 6615, 5258, 23288, 12606]
[18972, 47626, 27000, 25138, 8615, 14858, 16290, 5479, 39643, 36441, 44731, 38248, 48476, 16508, 8269, 40268, 30489, 22170]
[17758, 17183, 36189, 47912, 39886, 24964, 44449, 46667, 8518, 26131]
[28204, 38456]
[38768, 13176, 22178, 21292, 21137, 47402]
[47672, 16290, 37552, 4809, 35050, 1577, 23263, 32655, 25230, 15290, 9000, 21137, 27966, 24852, 46206, 5161, 9804, 19816]
[47209, 37646, 37687, 39984, 5077, 24964, 12935, 33768, 39558, 28199, 21137, 47626, 23198, 481, 40706, 35898]
[13176, 15872, 39799, 27344, 9808, 38834, 29487]
[43295, 47156, 21910, 46654, 2120]
[7021, 24964, 48171, 18234, 3957]
[49683, 30489, 24852, 28204, 40545, 19003, 21903, 49267, 17794, 34969, 40706, 4605, 17550, 47809]
[9124, 38185, 9088, 49139, 22586, 4516, 20708, 32360, 38533, 19076, 37055, 10990, 32474, 18094]
[35547, 21903, 47865, 39092, 7189, 6162]
[30696, 33894, 44475, 20995, 13166, 16797, 13802, 33614, 44199, 29993, 44098, 37474, 21410, 32784, 13702, 23734, 27196, 311, 34321, 24012, 7781, 10569, 39844, 34424, 10460, 36263, 9541, 5097, 46748, 17122, 5532, 1263, 18180]
[5450, 1103, 44632, 21709, 24852, 2322, 24010, 48287, 9122, 5646, 22035, 6348, 38159, 40709, 6297, 21386, 26165, 27325, 10385, 37646]
[1890, 21137, 47492, 40604, 31275, 48104, 27104, 46138]
[7968, 26209, 26872, 43352, 48278, 21586, 38185, 21137, 21925, 2351]
[38693, 29326, 13176, 19448, 20113, 13964]
[1158, 22151, 4210, 49628]
[44661, 35939, 13198, 38609, 31388, 9210, 9736, 31404, 10132, 20740, 49520, 2141, 41787, 39928, 4920, 46906, 47788, 2447, 46551, 38273, 29244]
[49235, 20940, 43724, 15772, 13176]
[13176, 45154, 47209, 28985, 14127, 25718, 34335, 6046, 23228, 31663, 8056, 41670, 29926, 25588, 35233, 28289, 1234, 17224, 40545, 21417, 18382, 38567, 20670, 19816, 11576]
[38768, 43352]
[37454, 18048, 6195, 49198, 30696, 17616, 24186, 47861, 6448, 49605, 14897, 18451, 34449, 46979, 24037, 22228, 4044, 16014, 24003, 1159, 37720, 47485, 30062]
[13176, 14127, 47209, 34243, 49273, 27737, 40268, 27086, 8230, 21903, 8193, 34969, 22935, 24964, 34126]
[37377, 17020, 44274, 10613, 23909, 46088, 5450]
[47766, 18362, 34640, 16798, 6300, 24631]
[581, 28985, 41463, 890, 38383, 24964, 24852, 43662, 49, 46667, 1463, 8277, 48104, 44014]
[11440, 34927, 22959, 20512, 19272, 33787, 22825, 45066, 31040, 13646]
[17948, 39928, 4472, 31801, 48900, 38693, 47626]
[14927, 49520, 32211, 17338, 16965, 4957, 18523, 28132, 15153, 16797]
[32828, 13385, 24303, 21781, 49, 15869, 43666, 5818, 28842, 48682, 19468, 39512]
[6347, 3957, 38456, 9264, 2086, 38439, 24852, 40723, 27156, 30391, 43768, 13598, 24830, 6873, 35939, 39984, 34126, 21903, 39275, 2002, 7969, 5876]
[19677, 19916, 15424]
[32747, 27730, 24852, 48246, 18288, 44137, 33731, 46049]
[34234, 1006, 29387, 4210, 23909, 21841, 1069, 3849, 39877, 46692, 8555, 17634, 36180, 2611, 34969, 45116, 45007, 16797, 47626, 11563, 44142, 16668, 45763]
[5876, 24852, 28289, 9666, 26497, 7628, 24964, 31717, 12572, 44233, 22007]
[35165, 21137]
[34335, 41149]
[38383, 32734, 32465, 21938, 47008, 5077, 48270, 24009, 9839, 17375, 17878, 48135, 5605]
[31515, 48520, 47672]
[12290, 4920, 41990, 44201, 10494, 7578, 28918, 11777, 19057, 43122, 26604, 46979]
[33065, 35842, 2120]
[21775, 37188, 18606, 45807, 5552, 33754, 4957, 22959]
[21616, 27890, 5450]
[28748, 6137, 44987, 14168, 45061, 32211, 21822]
[28204, 4472, 45066, 19028, 1879, 31611, 38322]
[38689, 8193, 27966, 15482, 29487, 8728, 21543, 24838, 10305]
[2588, 47209, 35842, 34126, 22935, 31717, 11520, 39922]
[28688, 9741, 33351, 29091, 20161, 3473, 4836, 2556]
[5212, 24852, 40706, 45788, 6341, 972, 41787, 24799, 2014, 8518, 13147, 7054, 21704, 48246, 21083, 27845, 21267, 18615, 31717, 39619, 41665, 14429, 28934, 36772, 31577, 160, 17747, 5479]
[40688, 20738, 6369, 8048, 22362, 5962, 10473]
[39534, 6871, 21573, 23719, 19972, 5258]
[34160]
[26105, 8467, 27845, 45104, 30391, 47209]
[23236, 47626]
[44234, 27796, 31654, 23644]
[23892, 48131, 33493, 22535]
[21709, 8239, 49113, 42318, 28985, 16145]
[2996, 48642, 8230, 12395, 47672, 35221, 42972, 33493, 21709, 10895, 8695, 17601, 11461, 21405, 10176, 29405, 40519, 35068, 46782, 26665, 31717, 49061, 5876, 29675]
[29118, 47144, 47209, 9839, 18615, 5876, 16185, 27548, 42265, 5438, 4298, 44422, 40709, 8594]
[42494, 19972, 5098, 397, 33178, 36085, 44098, 27020, 22340, 42888]
[9597, 4168, 38689, 25890, 44910, 41463, 48094, 45535, 45007, 1074, 22395, 9387, 7054, 31372, 1719]
[27966, 35948, 25824, 40174, 12044, 14464, 21573, 23165, 12206, 29382, 6274, 5189, 17484, 30695, 3308, 26119, 21694]
[38164, 5322, 39964, 37067, 9194, 4836, 10894]
[9175, 47672, 1942, 15290, 16997, 5818, 42625, 27323, 35921, 39693, 23265, 8424, 16882, 46979, 10418]
[31992, 6366, 428, 2521, 36736, 20052]
[12283, 14840, 21903, 4461, 21137]
[47766, 28985, 47626, 21903, 20114, 18465, 24838, 31717, 41220, 2383, 7870, 48007, 43621, 32869]
[6568, 32611, 42240, 12276, 26878, 33846, 24838, 12364, 9158, 27668, 36772, 12879, 37026, 27139, 27966]
[35951, 49683, 10749, 22935, 6104, 20114, 39928, 2825, 8193, 47766, 46667, 43210, 21137, 42585, 24933, 47626, 27104, 47734, 16349]
[28465, 2361, 47809, 10199, 42557, 22825, 49318, 7035, 39928, 37067, 26664, 43445, 22828, 5959, 36773, 36865, 27625, 13176, 5484, 40078, 1724, 42399, 3869, 33243, 15349]
[40229, 12016, 27663, 21019, 35951, 32642, 25272, 27156]
[432, 24852, 47766, 45364, 34969, 48205, 49683, 12932, 46676, 42265, 30953]
[5782]
[9513, 38147, 3682, 11507, 34122, 12564]
[22963, 39561, 11790, 47990, 16793, 9871]
[3397, 39097, 49215, 20583, 329, 16360]
[21070, 25513]
[8048, 30827]
[9741, 27363, 25659, 17619, 6046, 26369, 33957]
[7559, 26122, 18502, 7041, 26911, 41836, 46650, 30135, 9290, 10096, 37119, 26369]
[36011, 26915, 18288, 4792, 45866, 35939, 11950, 17794]
[8309, 36865, 13263, 12384, 1942, 6020, 35333, 5876, 39812, 23357, 28715, 28849, 41220]
[7644, 45951, 17616, 43784, 38777, 27356, 1392, 15452, 37250, 22695, 32851, 47209, 5876, 39275, 19068, 47333, 7751, 46720, 43933, 11526, 26209, 44632]
[38002, 47931, 32658, 23102, 25869, 11085, 14183, 17038, 24142, 5547, 41734, 15923, 14576, 1200, 37317, 32544, 44843, 16392, 44410, 20930, 1121, 13966]
[26604, 31404, 27966, 46462, 21137, 11757, 23185, 16419, 33198, 39498, 35191, 31235, 22610, 21333, 36849, 19005, 32519]
[5612, 37687, 30953, 4920, 21267, 24852, 9076, 29145]
[45416, 47626, 28849, 33788, 40397, 47766, 26209, 8006, 28985, 7156, 27104, 34243, 44683, 27001, 41220, 34969, 22395]
[30827, 8048, 13176, 25209]
[25972, 38129, 43961, 9047]
[41570, 49683, 31343, 7021, 4605, 21938, 17484, 19370, 28204, 48679, 41593, 29127, 3481, 2086, 20114, 26209, 35682, 38239, 24267, 40055]
[21067, 36591, 24741, 26119, 20161, 12015, 4966, 22275, 43361]
[21137, 30994, 11777, 12384, 46847, 35495, 35561]
[37760, 6885, 7676, 16965]
[14536, 41787, 26922, 9901, 26348, 264, 16816, 44654, 33464, 24622, 37250, 196, 21938, 20802, 44870]
[19057, 15902, 31676, 14140, 38058, 34358, 7175, 19660, 39308, 22031, 4562, 44847, 41777, 1587, 30744, 47501, 11219, 15392, 38693, 5475]
[13176, 19660, 31222]
[22035, 13176, 21497, 27845, 17630, 28928, 23029, 3952, 35535]
[40593, 25637, 5067, 23322, 9082, 42620, 5566, 31958, 47444, 37374, 16556, 35586, 43209, 7969, 48455, 18339, 28913]
[6347, 19057, 39055, 18811, 25753, 27662, 21903, 47209, 35108, 35217, 35163]
[38563]
[12606, 19660, 32734, 34034, 29691, 27845, 6765]
[29837, 32230]
[27839, 26348, 6184]
[34458]
[13176, 11520, 13292, 47209, 43086, 21405, 43504, 41065, 22113, 40268, 9521, 33569, 22963, 21137, 27966, 45007, 35168, 9337, 2732, 44201]
[30382, 41220, 4975, 3072, 37067, 19660]
[42721, 10908, 32691, 4920, 33716, 6474, 36766, 48186, 32316]
[43154, 30411, 14371, 2108, 39276, 20580, 27845, 49235, 46813, 42445, 44204, 34012, 6655, 22007, 48204, 3490, 30599]
[48099, 12302, 24269, 24799, 33931, 24028]
[49687, 25142, 7191, 21896, 27986]
[33000, 13176, 8571, 41400, 6184, 3798]
[19887]
[196, 46149]
[39180, 49383, 27104, 9839]
[12784, 33124, 49131]
[46979, 23854, 49640, 23554, 21955, 28915]
[24852, 5450, 23102, 39180, 21137, 10885, 40545, 17902, 45066, 46979, 28849, 24382, 17454, 22395, 49175, 46990, 39024, 31869, 48679, 27104, 15902, 31640, 14651, 26172, 49628, 18594, 42425]
[42887, 16459, 33493]
[18963, 39275, 37067, 8277, 5876, 43768, 2447, 12975, 7228, 40706, 1468, 36869, 22416, 43295, 5077]
[40031, 31683, 31066]
[24297, 26165, 30183, 23410, 29418]
[39162, 34658, 29112, 42110, 27093, 32828, 13196]
[7468, 40001, 33125, 3957, 15872, 7330, 45596, 26648, 46903, 353, 44989, 4844]
[48761, 21195, 21137, 33000, 25017, 12732]
[27030, 2552, 13062, 28398, 3111, 5707, 33294]
[12916, 46346, 27355, 37107, 42736, 41610, 23236, 1529, 45535, 32760, 18441, 44834, 3075, 31701]
[12078, 40120, 30827, 12341]
[2695, 13225, 10070, 7285, 33129, 24852, 3265, 9387, 19057, 2295, 34605, 26283, 34229, 40208, 790, 37966, 5385, 34234, 22952, 19325, 7781, 7175, 41273, 14154, 36956, 26889, 47862, 11375, 46361, 46064, 30586, 39321]
[5161, 13263, 36865, 9550, 21009, 19348, 14858, 23288, 45066, 6000, 32740, 30489, 35221, 28373, 21903, 24631, 40706, 42205, 13563, 47626, 29139, 27966, 204, 36695]
[8424, 43961, 45066, 21463, 22828, 44882, 10108, 11440, 7559, 17758, 36189, 31404, 13431]
[44661, 260, 12290]
[6046, 24852, 32303, 11777, 45123, 39216, 12099, 39408, 14867, 35417, 32433, 28553, 1158, 7413, 30391, 34358, 34969, 4605, 32486, 26497, 28849, 11068, 1090]
[32478, 9362, 4962, 10125, 48733, 6846, 26510, 30668, 41238, 16063, 29586, 5011, 43955, 15860, 13654, 12015, 14948, 11123]
[14218, 18765, 22908, 9595, 5550]
[27845, 3434, 43889, 33503, 5114, 43875, 21737, 23527]
[28985, 5876, 13176, 24838, 7916, 18465, 2770, 27966, 40706, 8518, 30391, 28156, 33754, 25824, 35221, 40396, 8859, 27325]
[9387, 4920, 8955, 7746, 13212, 3481, 41319, 20754, 45063, 48745, 33768, 34358, 38890, 20114, 25138, 27847]
[19660, 33898, 35842, 13346, 13176, 7964, 12315, 23047]
[39276, 30325, 6086, 39921, 1511, 14493]
[8670, 43789, 5240, 14467, 12013, 19006]
[47209, 22695, 40490, 40376, 29503, 24184, 18019, 969, 21709, 37940, 33819, 32455, 37113, 8584, 40348, 28299, 27323, 15290, 43474, 6631]
[23707, 45438, 17008, 43483, 43857, 48762, 2651]
[48679, 27104, 34358, 47626, 47766, 30169, 4855, 1025, 37067, 23848, 42028, 4508, 43662, 14084, 42701, 22559, 12324, 28458, 28879, 21777, 31717]
[11298, 42820, 38871, 38664, 14640, 43460, 30827, 15201, 29487, 11943, 2433, 46786, 9487, 37120, 40770, 25766, 9573, 21137, 260, 14159, 31958, 1875, 7606, 33548, 15999, 6109, 25035, 35042, 26209, 41383, 22438, 30877, 48708, 17409, 3216, 38835, 26846, 40492, 46820, 11563]
[42240, 13920, 39859, 39769, 45099, 6631, 26318, 24852, 45290, 29502, 23095, 23888, 48503, 36431, 12909, 32939, 26831, 19604]
[12029, 13605, 22089, 41510]
[41523, 44166]
[13855, 45681, 40898]
[5258, 40939, 21195]
[24852, 48808, 41912, 8424, 44085, 23909, 27841, 44142, 11773, 9020, 424, 226, 49098, 18234, 6473, 43183, 4086, 8887, 28985, 500, 5460, 49417, 8469, 5475]
[8859, 13176, 10944, 41461, 43893, 47788]
[20772, 17781, 9641, 34287, 19348, 34898, 2695]
[27966, 37067, 16797, 46886, 41730, 22151, 20226, 40198, 18070, 5876, 42030]
[33754, 11688, 30489, 13176, 1360, 34658, 8112, 37646, 47630, 33682, 26856, 47209, 33787, 38012, 4957, 43122, 8386, 15943, 5371, 42265, 33716, 36953, 18953, 18661, 29594, 43760, 39877, 8277]
[13380, 31869, 18441, 13176, 17783, 3957, 33845, 10804, 36036, 2452, 42828, 329, 44422]
[41811, 36192, 31869, 46802, 26128, 32963, 12182, 31737, 21137, 42828, 30561, 11520, 47766, 26177, 22825, 16174, 40427, 28715]
[32029, 34124, 32857, 17949, 20754, 31612, 30336, 15878]
[25718]
[30233, 46906]
[36940, 8193, 25931, 18531, 17758, 17600]
[24852, 24235, 25890, 21137, 30391, 26201, 46979, 34430, 24010, 18625, 37646, 41177, 24706, 34448, 27548, 35958, 1883, 4357, 42803, 15842]
[40778, 3957]
[44667, 27403, 18539, 25930, 4652, 43209, 40141, 26209, 32605, 46979, 42258, 22475]
[13176, 4799, 21903, 41950, 30391, 10749, 26410, 2825]
[31506, 25466, 43351, 5115, 27845, 34993]
[18829, 47990, 4297, 30753, 5994, 2086]
[28156, 45066, 47766, 6583, 23541, 40531, 24009, 12614, 29671, 28985, 38652, 35108, 14992]
[17580, 48299, 663, 27845]
[17615, 27966, 20704]
[5785, 32648, 39332, 5466, 46845, 26013, 44632, 39275, 33590, 19376, 8615, 14766, 37552]
